step,train/total_loss,train/recon_loss_weighted,train/mmd_loss,train/triplet_loss_weighted,train/grad_norm,train/lr,train/smooth_total_loss
0,2.4580839438871904,0.8071039425984524,0.017369344759215578,1.6336106529646512,0.779155292436837,0.0001,2.4580839438871904
1,2.3456229866976943,0.7622442522117395,0.016205176497190193,1.567173555707247,0.7520265031659432,0.0001,2.4018534652924424
2,2.433821067855689,0.7485501801853545,0.0164472204076046,1.6688236696868421,0.7240579797035199,0.0001,2.4125093328135248
3,2.439544442167693,0.7322985713846946,0.016682985296660062,1.6905628833474156,0.7215924227351778,0.0001,2.4192681101520668
4,2.2353578939962615,0.7162158988309248,0.015467232779452675,1.5036747606747458,0.760368068751536,0.0001,2.382486066920906
5,2.21103983147863,0.7075444846347189,0.014848073418630937,1.4886472692900297,0.8730839801747263,0.0001,2.353911694347193
6,2.243189875589033,0.7025255643579948,0.01572025392614483,1.524944057590083,0.9392049217053007,0.0001,2.338094291667456
7,2.2871544577858667,0.6966352606789347,0.01639956977378809,1.5741196283313077,1.0114407992819279,0.0001,2.331726812432257
8,2.3290575565903953,0.6932385809113535,0.016704895279624245,1.6191140809697968,1.0394768996529602,0.0001,2.331430228449828
9,2.356838354653719,0.6898754152099481,0.016894758032839834,1.6500681815535259,1.1244985277644184,0.0001,2.333971041070217
10,2.387433605330983,0.686753631208502,0.017002670958852082,1.683677302878439,1.176142551824807,0.0001,2.326906007214596
11,2.4054016701912766,0.6842933744905098,0.017006927129754608,1.704101369711771,1.225583433320648,0.0001,2.332883875563955
12,2.4340431747254003,0.6816746291646547,0.017075838654805598,1.735292705052207,1.2467960579115809,0.0001,2.332906086250926
13,2.4484468413311897,0.6792215257170098,0.01728323772193142,1.75194207675149,1.3089797986608944,0.0001,2.3337963261672754
14,2.4621473368275106,0.6771290734338988,0.01733975404757632,1.7676785086330615,1.3252774781979728,0.0001,2.3564752704504004
15,2.483561308760392,0.6755498132922433,0.017441755561737354,1.7905697334896435,1.39804715349486,0.0001,2.3837274181785766
16,2.4982634275153495,0.674318167153728,0.017506422038283644,1.8064388393215016,1.4246804227954464,0.0001,2.4092347733712085
17,2.4983449056388087,0.6724772160988676,0.0174294279522873,1.8084382631561973,1.47671171996083,0.0001,2.4303538181565028
18,2.5163913257954795,0.6706352402148634,0.017496523389405612,1.8282595593393134,1.4319570150458072,0.0001,2.4490871950770106
19,2.5239636823891454,0.6695159455520685,0.017595924543992184,1.8368518124356794,1.5282870302039184,0.0001,2.4657997278505532
20,2.519644667086989,0.6682914295835358,0.017540013961244428,1.8338132292460025,1.5121176122870457,0.0001,2.479020834026154
21,2.5285691085614657,0.6673220520099384,0.017660081956945538,1.843586967892624,1.6154966255623189,0.0001,2.491337577863173
22,2.526462387240104,0.6649724115310103,0.017567410708614513,1.8439225682801608,1.5188338071036567,7e-05,2.5005794991146435
23,2.5322772954639636,0.6641818303525733,0.017565007700304096,1.850530457553681,1.469005331111867,7e-05,2.508962544527921
24,2.526722159111899,0.6630269554243133,0.01752356992383893,1.8461716306266602,1.5414679586958657,7e-05,2.5154200267563596
25,2.511094490877179,0.6617749413234766,0.01732221174468264,1.8319973341015536,1.4968775214190688,7e-05,2.518173344968038
26,2.5209285094977565,0.6613613752086768,0.01747128296126589,1.8420958484759171,1.5853692236485664,7e-05,2.520439853166279
27,2.5277529042303275,0.6603862185512434,0.017439582416315397,1.8499271011238463,1.5588719840896756,7e-05,2.5233806530254306
28,2.515803174539046,0.6588192763225884,0.017366122115742077,1.839617774532172,1.5579733838768381,7e-05,2.5233218378997875
29,2.5041615489567297,0.6577469610996793,0.017283603335111336,1.8291309823830162,1.4156620611378736,7e-05,2.5213416245565456
30,2.5051260952744188,0.6575996870059145,0.01728009179448397,1.830246309344278,1.4874496936584203,7e-05,2.519889767375289
31,2.4788523028341776,0.6571286895343561,0.01721318429737,1.8045104291450464,1.5265774289457992,7e-05,2.5149180868025605
32,2.4830738585531424,0.6558942026213596,0.017182956471967926,1.809996694183806,1.4390968954163876,7e-05,2.510579233933864
33,2.4815614286221956,0.6548789681144879,0.017251819799961658,1.809430634290978,1.6543823212884259,4.899999999999999e-05,2.5055076472496873
34,2.463408473576085,0.6547986184866235,0.017046154971328078,1.791563695982883,1.581558595291165,4.899999999999999e-05,2.4991762786961056
35,2.461942369287664,0.6542571393781872,0.017100106871299196,1.7905851240363417,1.562018527546853,4.899999999999999e-05,2.494261066537154
36,2.4535294794009634,0.6543617456723628,0.017003616077477853,1.782164121073399,1.530791514762566,4.899999999999999e-05,2.487521163527475
37,2.449741431400536,0.6531656430098429,0.01684327302366923,1.7797325142262654,1.507278476356034,4.899999999999999e-05,2.479720016244496
38,2.4305250747352125,0.6529604468904614,0.016848827663220857,1.760715803176022,1.3445051657882603,4.899999999999999e-05,2.4711922062641123
39,2.4487276271199496,0.652730621789631,0.01688189854462181,1.7791151042189894,1.5237905676498937,4.899999999999999e-05,2.4656488140804345
40,2.435285014398931,0.6523325533102574,0.016759604073027103,1.7661928594397587,1.4335731893920443,4.899999999999999e-05,2.458664705992886
41,2.426604011982822,0.6519880360393433,0.016765974640275873,1.757849999306875,1.5358329412112965,4.899999999999999e-05,2.4534398769077503
42,2.415040402321154,0.6508373466975381,0.016666357311905855,1.7475366971709512,1.6210083823169819,4.899999999999999e-05,2.4466365312845513
43,2.4249211709465137,0.6510931816682861,0.01662758178117743,1.7572004062136966,1.4034972339868546,4.899999999999999e-05,2.4409725055169833
44,2.4091332945527073,0.6510575132792076,0.016548376904720323,1.7415274050817535,1.5656514522846805,3.4299999999999993e-05,2.4355449876146453
45,2.4027775514639167,0.6510859419854634,0.01661343637265657,1.7350781725354172,1.5493283825414033,3.4299999999999993e-05,2.4296285058322704
46,2.41057494268463,0.6501844264388654,0.016473938118327747,1.7439165699995305,1.5988136368077337,3.4299999999999993e-05,2.4253330521606373
47,2.4080235610167944,0.6501980513762059,0.016513672456786962,1.7413118398931038,1.582362650612895,3.4299999999999993e-05,2.421161265122263
48,2.414145909428026,0.6495827087089776,0.016549874150581907,1.748013326140682,1.5191300446479514,3.4299999999999993e-05,2.4195233485915444
49,2.3908881479473205,0.6502866954609537,0.016443445922084972,1.72415800356979,1.5356182629269275,3.4299999999999993e-05,2.413739400674282
50,2.4151143725408892,0.649352337469895,0.01647191070483632,1.7492901158104672,1.4132132720576518,3.4299999999999993e-05,2.4117223364884777
51,2.401312474999131,0.6490765097038598,0.01639803602364645,1.7358379298420044,1.5361830289141414,3.4299999999999993e-05,2.409193182790108
52,2.39972475784247,0.6487043278924586,0.016312133182178844,1.7347082940585306,1.486914949589654,3.4299999999999993e-05,2.4076616183422397
53,2.393843333686938,0.6485549113111633,0.01627031667380812,1.7290181032778544,1.5159986830142695,3.4299999999999993e-05,2.4045538346162822
54,2.3691367407164505,0.648283990946683,0.016288346365878458,1.70456439342225,1.5046718492747493,3.4299999999999993e-05,2.4005541792326563
55,2.3781792872260064,0.6478167304582003,0.016339050810873224,1.7140235053865533,1.4271994070929774,2.4009999999999995e-05,2.3980943528088656
56,2.385771632194519,0.6477673286171051,0.01629695709812584,1.7217073469070727,1.561336110332651,2.4009999999999995e-05,2.395614021759855
57,2.3589443572970668,0.6474978399048582,0.016216689034512167,1.6952298255057996,1.4567871214955617,2.4009999999999995e-05,2.390706101387882
58,2.3547156039607584,0.6473866231989062,0.016159502513100655,1.6911694798172947,1.5115181714581531,2.4009999999999995e-05,2.384763070841155
59,2.3783312157580725,0.6469906748196725,0.01620697632931066,1.7151335646090895,1.5562139489647875,2.4009999999999995e-05,2.3835073776222306
60,2.369570408711593,0.6468136125204096,0.016155488468243176,1.7066013014487673,1.461260606583796,2.4009999999999995e-05,2.3789529812393004
61,2.361306813345001,0.6466125314030351,0.016172981718510532,1.6985213009364297,1.549209804840065,2.4009999999999995e-05,2.3749524150738877
62,2.354159150397378,0.6467998800665568,0.016154913240642638,1.6912043599420756,1.453090471514104,2.4009999999999995e-05,2.3703958543293786
63,2.3703019020089693,0.6466754894507559,0.016148274024707848,1.7074781351112294,1.4292146368175032,2.4009999999999995e-05,2.3680417111615815
64,2.3639760177101246,0.6462354908149208,0.016094731657128585,1.7016457940973164,1.4270491742631466,2.4009999999999995e-05,2.3675256388609487
65,2.368993799652209,0.6460604292639135,0.01603993331416372,1.7068934369315372,1.3810916866697194,2.4009999999999995e-05,2.3666070901035696
66,2.3691182638469495,0.6456035076145921,0.01608053634041234,1.7074342198919452,1.4827312540494655,1.6806999999999997e-05,2.364941753268812
67,2.355334061754948,0.6451721610635092,0.01600404219193892,1.69415785821431,1.3504905482156995,1.6806999999999997e-05,2.3645807237146004
68,2.357106577266346,0.6457421648445312,0.016018479919889896,1.695345935353822,1.494230087614801,1.6806999999999997e-05,2.364819821045159
69,2.3470306835676493,0.6452528445059033,0.016021202911030163,1.6857566308747067,1.471164099408679,1.6806999999999997e-05,2.3616897678261166
70,2.3399824143596812,0.644934904489791,0.015986828712755412,1.679060680158971,1.408695044272254,1.6806999999999997e-05,2.3587309683909257
71,2.3448652639343406,0.6448040938263304,0.015992468053644352,1.6840686952098134,1.501077556510291,1.6806999999999997e-05,2.3570868134498597
72,2.3419721731158534,0.6449537730673284,0.015941436496077543,1.6810769607005507,1.4710628471591256,1.6806999999999997e-05,2.3558681157217074
73,2.326466369857058,0.6448161708966397,0.015911634458879536,1.6657385600810986,1.451053038239479,1.6806999999999997e-05,2.351484562506516
74,2.3091629737872257,0.644706274333753,0.01582239176097669,1.648634310259203,1.4717287916743584,1.6806999999999997e-05,2.3460032581142256
75,2.29373401488984,0.6443792625762629,0.015834739333704898,1.6335200145484157,1.500000685453415,1.6806999999999997e-05,2.338477279637989
76,2.3075271291595896,0.6439538197369097,0.01590093357140938,1.647672378275383,1.4562664344978105,1.6806999999999997e-05,2.3323181661692525
77,2.3114587772976267,0.6437902162519938,0.01585058646909358,1.6518179654504694,1.50747337965874,1.1764899999999996e-05,2.3279306377235214
78,2.322152486258146,0.6441856491508666,0.01584658297625455,1.662120244149386,1.3571290392339515,1.1764899999999996e-05,2.3244352286227015
79,2.3201840616869585,0.6439824684670097,0.015835291175751026,1.6603663087461553,1.4967695139170263,1.1764899999999996e-05,2.321750566434632
80,2.319937230012063,0.6428739526910645,0.01582037033646871,1.661242917108764,1.424172259403758,1.1764899999999996e-05,2.31974604799987
81,2.3126787203921086,0.6434680299040233,0.01580389920604286,1.6534067899986888,1.4347231725328846,1.1764899999999996e-05,2.3165273936456474
82,2.299982175872657,0.6437138438795171,0.015744122877075342,1.6405242076901156,1.3641449315696241,1.1764899999999996e-05,2.3123283939213275
83,2.2944117453680084,0.6431788257434607,0.015731626720519726,1.6355012889113723,1.4647381982307115,1.1764899999999996e-05,2.309122931472422
84,2.2932402374641745,0.6430861556358884,0.015742765659350528,1.634411311320711,1.5075921377782047,1.1764899999999996e-05,2.3075306578401173
85,2.2988629152900293,0.6433425762436606,0.015750268144470652,1.639770066624053,1.4033471124879482,1.1764899999999996e-05,2.3080435478801364
86,2.2945182736980856,0.6429205321524132,0.01571756886523306,1.6358801733934139,1.364118817534173,1.1764899999999996e-05,2.3067426623339857
87,2.2924622325805957,0.6428636810140747,0.01568749532745215,1.6339110578076121,1.3884515556279553,1.1764899999999996e-05,2.3048430078622824
88,2.269698184072686,0.6430510283942428,0.015680450286591454,1.6109667086715334,1.3488244711639779,1.1764899999999996e-05,2.2995975776437367
89,2.2714423329065863,0.642798333219364,0.015614019341445996,1.6130299764957154,1.4024624619187351,1.1764899999999996e-05,2.2947234047657
90,2.2795288537107585,0.6425584387836274,0.01559068626193909,1.6213797310893046,1.376278190664127,1.1764899999999996e-05,2.290682567135569
91,2.2735115680397984,0.6427652192743201,0.01550181602176867,1.6152445300344074,1.4143694852385225,1.1764899999999996e-05,2.2867658519003378
92,2.27381672414296,0.6430657805438247,0.015541467084839014,1.6152094767994858,1.3988200492408287,1.1764899999999996e-05,2.284149306727368
93,2.2684544792585966,0.642630391001131,0.015479753177131763,1.6103443289487556,1.4992736553746548,1.1764899999999996e-05,2.2815535801164275
94,2.266234654273713,0.6426581198518927,0.015516273142618426,1.6080602570013567,1.376846059586443,1.1764899999999996e-05,2.2788530217973806
95,2.2431101716306223,0.6423770463067379,0.01544806888799348,1.5852850518728558,1.3729503755791905,1.1764899999999996e-05,2.2732777474314405
96,2.2248828265655556,0.6426666919409373,0.015405571061458314,1.5668105648465134,1.3868093542647704,1.1764899999999996e-05,2.266314202718187
97,2.226935286841324,0.642114178273096,0.015335642835169888,1.56948546872755,1.3593103988318922,1.1764899999999996e-05,2.25976150814426
98,2.209122208031741,0.6420226132755644,0.015247081740621175,1.5518525208582719,1.3908600635363155,1.1764899999999996e-05,2.2537039105401657
99,2.2018791787932366,0.6421183997934515,0.015257714467755916,1.5445030639616497,1.3694539306836835,1.1764899999999996e-05,2.2467475951288307
100,2.203846316018173,0.6419889357956973,0.015221323978387567,1.5466360543903552,1.2962947646111393,1.1764899999999996e-05,2.2391793413595718
101,2.18122163086987,0.6421164653517983,0.0151256647976962,1.523979503001893,1.2679132854111457,1.1764899999999996e-05,2.2299503476425793
102,2.1764956076749775,0.64228312022378,0.015127614354402826,1.5190848760912863,1.339441900333149,1.1764899999999996e-05,2.220218235995781
103,2.1624138301069085,0.6419717280203076,0.015033346614198822,1.5054087587520837,1.3394460124119618,1.1764899999999996e-05,2.209614171080612
104,2.1694977411813143,0.6425101121076556,0.015042437605880664,1.5119451980271408,1.3978716058023808,1.1764899999999996e-05,2.1999404797713717
105,2.181617290209355,0.6424866662356272,0.015014493579499459,1.524116126258978,1.2675392996323736,1.1764899999999996e-05,2.193791191629246
106,2.1701693169808274,0.6420767342930205,0.015001389968908575,1.5130911854465612,1.3276403149206673,1.1764899999999996e-05,2.188319840670773
107,2.1815109692121806,0.6417249535259447,0.01501139813062677,1.5247746189815576,1.3285037941482079,1.1764899999999996e-05,2.1837774089078588
108,2.1778273978872162,0.641920289497056,0.014980450201262697,1.5209266606130099,1.3197079488392651,1.1764899999999996e-05,2.180647927893406
109,2.1850388566272683,0.641552028901269,0.014958754110564455,1.5285280771803058,1.2923934154533314,1.1764899999999996e-05,2.1789638956768096
110,2.1772731228878626,0.6419174572782653,0.014931452616550135,1.520424207431848,1.3071233068356674,1.1764899999999996e-05,2.176306576363778
111,2.1786735297390147,0.6415724355067933,0.014853045700839833,1.522248045394295,1.295251195225419,1.1764899999999996e-05,2.1760517662506924
112,2.167384865181298,0.6412728656992388,0.014851334562712308,1.5112606623526395,1.289525290710504,1.1764899999999996e-05,2.1751406920013245
113,2.1435716086597534,0.6413930280927266,0.014781024467431757,1.4873975535328878,1.3008498114547091,1.1764899999999996e-05,2.1732564698566095
114,2.14548873159874,0.6416059006629378,0.014723436113749966,1.4891593935386986,1.2806100485997907,1.1764899999999996e-05,2.1708555688983515
115,2.1336798630833056,0.6412792329868061,0.014716450107154664,1.4776841821282674,1.3234531170728674,1.1764899999999996e-05,2.1660618261857465
116,2.1275487841601577,0.6417350168718675,0.014655942266637629,1.4711578197456432,1.2960702997217908,1.1764899999999996e-05,2.16179977290368
117,2.1094937435747902,0.6419863971796903,0.014598911458795721,1.4529084295177004,1.215563194959928,1.1764899999999996e-05,2.154598050339941
118,2.1126980536292046,0.6414678896728315,0.014567800686119846,1.4566623619868995,1.2305364290778147,1.1764899999999996e-05,2.1480851159141396
119,2.1063020862460706,0.6417166121553576,0.014574927861610668,1.4500105443753695,1.3237747652678968,1.1764899999999996e-05,2.14021143887602
120,2.1061498522758484,0.6417213356095638,0.014546973568400698,1.449881538534849,1.243173987671519,1.1764899999999996e-05,2.1330991118148184
121,2.1001080357286916,0.6413406520083761,0.0145295638787119,1.4442378165619225,1.2289951949883877,1.1764899999999996e-05,2.125242562413786
122,2.098271919209421,0.6410284377456281,0.014486112948239704,1.442757364095113,1.2238219311933198,1.1764899999999996e-05,2.118331267816598
123,2.081162472661032,0.6414212377733021,0.014468211306339246,1.425273024294365,1.301676461214654,1.1764899999999996e-05,2.1120903542167264
124,2.0811816576565283,0.6414685871042133,0.014454246137701153,1.4252588189960096,1.2856210281974392,1.1764899999999996e-05,2.105659646822505
125,2.089391707233265,0.6416361080972772,0.01438479218186374,1.433370807524503,1.2418979342189131,1.1764899999999996e-05,2.1012308312375008
126,2.0967656593573722,0.6419666726053046,0.014438904358439468,1.440360083249197,1.228013518324309,1.1764899999999996e-05,2.0981525187572223
127,2.0884562294448963,0.6412409308709597,0.014405832336279765,1.432809459820889,1.281728705649741,1.1764899999999996e-05,2.096048767344233
128,2.092424659922933,0.641472610132546,0.014354385827717028,1.4365976652460235,1.2679516608920394,1.1764899999999996e-05,2.0940214279736056
129,2.0875759794951625,0.6410657228750475,0.014315173956766084,1.4321950830911334,1.206050923423904,1.1764899999999996e-05,2.092148817298515
130,2.088119133522636,0.641090017756777,0.014293789578396738,1.432735330180118,1.239841712148566,1.1764899999999996e-05,2.0903457454231935
131,2.079011281711633,0.6412018350722116,0.01431421144156935,1.4234952304922222,1.2529715215475365,1.1764899999999996e-05,2.088236070021488
132,2.0723580338738183,0.6411929494171051,0.014265605137108615,1.4168994767528973,1.3098262417259399,1.1764899999999996e-05,2.0856446814879277
133,2.075410294190548,0.6409251476018623,0.014292980210062419,1.4201921660934338,1.2763412677500237,1.1764899999999996e-05,2.085069463640879
134,2.0683499939704055,0.6410636985986427,0.014246909241927298,1.413039387698379,1.2992757995162854,1.1764899999999996e-05,2.0837862972722667
135,2.081668836933574,0.6409167692992106,0.014237911792463092,1.426514152419624,1.2497536940722944,1.1764899999999996e-05,2.0830140102422976
136,2.074333954941143,0.6409047504075976,0.014288328481062748,1.4191408764802669,1.3163245887847608,1.1764899999999996e-05,2.080770839800675
137,2.07333012574027,0.6410390928601534,0.014247984692240446,1.4180430461915485,1.344644322777479,1.1764899999999996e-05,2.079258229430212
138,2.0755257232907858,0.6404892509919035,0.01421343709863544,1.4208230376243591,1.291592279832329,1.1764899999999996e-05,2.0775683357669976
139,2.0583795206398485,0.6406837911411906,0.014282527437620755,1.4034132024888217,1.3778293045799128,1.1764899999999996e-05,2.074648689881466
140,2.054254881502909,0.6410551922458211,0.014272988983318566,1.3989267007015538,1.440418680318805,1.1764899999999996e-05,2.0712622646794943
141,2.050156071140435,0.6415859363866194,0.014204389455786162,1.3943657527129616,1.4060464478565746,1.1764899999999996e-05,2.0683767436223737
142,2.059908408582496,0.6415582553051306,0.014225213721608431,1.404124941266895,1.4434520649282556,1.1764899999999996e-05,2.0671317810932415
143,2.061969894541508,0.6414168529818502,0.014175891876220703,1.4063771506816005,1.4226055848256252,1.1764899999999996e-05,2.0657877411283376
144,2.0622120046159296,0.6415655401905188,0.014161699696591026,1.4064847641584406,1.4233240907272082,1.1764899999999996e-05,2.06517394219289
145,2.070774744287062,0.6410912884194315,0.0141268244200346,1.4155566290234836,1.4179752961015017,1.1764899999999996e-05,2.0640845329282387
146,2.0656176560233086,0.6411504388996289,0.014166523394972513,1.4103006960102245,1.4694113652957113,1.1764899999999996e-05,2.0632129030364554
147,2.0525940579660773,0.6415793281137658,0.01416958490627234,1.396845141381168,1.4563103696090753,1.1764899999999996e-05,2.0611392962590367
148,2.0596599439114476,0.6412306633292203,0.01415577031778947,1.4042735122607655,1.4667151153943185,1.1764899999999996e-05,2.0595527183211026
149,2.0554987383231023,0.6408103914066935,0.014112589176762048,1.4005757476154126,1.5194022085107686,1.1764899999999996e-05,2.0592646400894274
150,2.0439248729550665,0.6414529937876469,0.014111048867257588,1.388360828589024,1.5509867860654896,1.1764899999999996e-05,2.058231639234643
151,2.047229985301004,0.6408518542798513,0.014105993594849509,1.3922721412763641,1.5749744517666302,1.1764899999999996e-05,2.0579390306507004
152,2.0537596416245236,0.6413200195326189,0.0141168730110643,1.3983227462289436,1.568699545267096,1.1764899999999996e-05,2.057324153954903
153,2.061527672281676,0.6405571395415438,0.014083754788175154,1.4068867798056899,1.5188650722708998,1.1764899999999996e-05,2.0572799317289197
154,2.0637170472783906,0.6411737311970104,0.014083760491968913,1.4084595555894113,1.464646120961203,1.1764899999999996e-05,2.0574304359951663
155,2.0702662157099785,0.6406590997032001,0.014064458568700764,1.415542651306499,1.4777707486061389,1.1764899999999996e-05,2.0573795831374575
156,2.0529091997009714,0.6410041117782228,0.014043738397114584,1.3978613472441166,1.490416699049005,1.1764899999999996e-05,2.0561087375052236
157,2.0482683489767557,0.6408513266789285,0.014060162756431616,1.393356857402473,1.5330009762750287,1.1764899999999996e-05,2.055676166606291
158,2.0500397020549865,0.6401235397067366,0.014059649700183047,1.3958565065164885,1.5294457702545459,1.1764899999999996e-05,2.0547141424206457
159,2.0503973567314695,0.6409156495019009,0.014041414956727097,1.3954402935561951,1.5839713057547664,1.1764899999999996e-05,2.0542040042614826
160,2.055822282601772,0.6405929972965752,0.014053697506206457,1.4011755822377912,1.5845827913740604,1.1764899999999996e-05,2.0553937452261524
161,2.0355936254610856,0.6407291047881094,0.014026891101490368,1.3808376232973125,1.6059369028470163,1.1764899999999996e-05,2.054230109242161
162,2.0414617503659005,0.6410739585828553,0.014057672194887006,1.386330119873348,1.6480608158989956,1.1764899999999996e-05,2.0530003201162987
163,2.040058069537131,0.6402239609848369,0.014079797781255256,1.385754308632116,1.648112806549483,1.1764899999999996e-05,2.0508533598418444
164,2.0439175997624557,0.6405174499778656,0.014021761679763428,1.3893783908141286,1.6278403779251154,1.1764899999999996e-05,2.0488734150902506
165,2.0470566923538462,0.6408289931892779,0.013988752399335067,1.392238951756053,1.6369109714145296,1.1764899999999996e-05,2.0465524627546374
166,2.047301467525902,0.6402917390234732,0.013978752508117823,1.3930309734276036,1.6725519563307603,1.1764899999999996e-05,2.0459916895371304
167,2.054514448323318,0.6400655639228638,0.013957248064889863,1.4004916343392368,1.5778815170224203,1.1764899999999996e-05,2.0466162994717867
168,2.042005654727443,0.6406225656208239,0.01397549678264052,1.3874075889017023,1.5831919529221274,1.1764899999999996e-05,2.0458128947390324
169,2.039401091742173,0.6406575281654249,0.013984563818388578,1.3847589994731702,1.7080450425878095,1.1764899999999996e-05,2.044713268240103
170,2.0399051496857092,0.6411403363401239,0.013992272780842759,1.3847725340053796,1.6107745726713154,1.1764899999999996e-05,2.0431215549484962
171,2.0517004223531514,0.6405270276457499,0.013926144421956185,1.3972472519965833,1.6139190899983547,1.1764899999999996e-05,2.044732234637703
172,2.031393286143764,0.6403844420704545,0.013967602161699505,1.3770412386319284,1.6105868756485897,1.1764899999999996e-05,2.0437253882154893
173,2.0453127460046248,0.6402476173268551,0.013916895435187236,1.3911482269684095,1.6229085358991577,1.1764899999999996e-05,2.0442508558622388
174,2.0521041169120933,0.640348929965325,0.013902784534618615,1.3978524002732273,1.5948131820231533,1.1764899999999996e-05,2.0450695075772027
175,2.045773130569732,0.6404224391759298,0.013917355160964163,1.3914333299586648,1.6406394160535347,1.1764899999999996e-05,2.044941151398791
176,2.0419761923511635,0.6401626633114792,0.01393968836542522,1.387873844096535,1.6559505327181383,1.1764899999999996e-05,2.0444086238813175
177,2.040332666709663,0.6405307446655474,0.013928436206288315,1.3858734896878877,1.6742606834646618,1.1764899999999996e-05,2.0429904457199517
178,2.048753250158575,0.6403931211056322,0.013938590385126725,1.3944215370992725,1.6475149913552845,1.1764899999999996e-05,2.043665205263065
179,2.0379204128347514,0.6404102908081986,0.013934930260671953,1.3835751904825275,1.6890291685693002,1.1764899999999996e-05,2.043517137372323
180,2.0548987528353786,0.6402369085966685,0.013919964931798324,1.4007418757420407,1.5827398351505042,1.1764899999999996e-05,2.04501649768729
181,2.0566925440678756,0.6398380028003711,0.013870645367928099,1.4029838904809724,1.5647003393994563,1.1764899999999996e-05,2.045515709858762
182,2.0531773504457975,0.6397982878548106,0.013879410958176025,1.3994996482105346,1.5858678320093018,1.1764899999999996e-05,2.047694116288965
183,2.041809188121814,0.63944352785366,0.013872564694527804,1.388493098425523,1.5765791908975995,1.1764899999999996e-05,2.0473437605006843
184,2.0555563520586664,0.6395951485234584,0.013868384669271953,1.4020928247123243,1.618980923908179,1.1764899999999996e-05,2.0476889840153416
185,2.0536083459283745,0.6393439667076586,0.013811786208996932,1.4004525915857708,1.5874041187706176,1.1764899999999996e-05,2.0484725055512056
186,2.0467008737285743,0.6398243774352461,0.013863054188815031,1.3930134399655902,1.6458256364439092,1.1764899999999996e-05,2.048944973688947
187,2.0384922033291684,0.6393326610754552,0.01379676783484135,1.385362772565139,1.6271295591689754,1.1764899999999996e-05,2.048760927350897
188,2.0335012272214206,0.6394354669671309,0.013837981167022121,1.3802277765205602,1.624533064057382,1.1764899999999996e-05,2.0472357250571824
189,2.045535254136227,0.6394488400819769,0.013815576950328772,1.3922708371039212,1.612507187436072,8.235429999999996e-06,2.0479972091873297
190,2.0441002763059153,0.6396956972813492,0.013845173080572102,1.3905594025217174,1.5617029959220066,8.235429999999996e-06,2.046917361534383
191,2.050119028137061,0.6388114488295962,0.013836614538037606,1.3974709610619613,1.598423262389653,8.235429999999996e-06,2.0462600099413017
192,2.0543253108074793,0.6394713292851972,0.013806525029634175,1.4010474539259403,1.6019747091822647,8.235429999999996e-06,2.0463748059774702
193,2.051055603905728,0.6391925214295182,0.013807717407719371,1.3980553612184297,1.5800119066637668,8.235429999999996e-06,2.047299447555861
194,2.0662906301078614,0.6388663934748708,0.01378833049792422,1.4136359067054456,1.556323433321629,8.235429999999996e-06,2.048372875360781
195,2.0451026228056,0.6389315878375296,0.013856282644865044,1.392314746334222,1.6238666476245132,8.235429999999996e-06,2.0475223030485035
196,2.0368307121632774,0.6393198282524729,0.013809016731937537,1.383701867749246,1.6520116363415878,8.235429999999996e-06,2.046535286891974
197,2.0517455231059682,0.6391637161302794,0.013781042190259723,1.3988007643576443,1.627824983813546,8.235429999999996e-06,2.0478606188696533
198,2.0426597612326227,0.6389073052189567,0.013793539772763777,1.389958915242738,1.630588988082831,8.235429999999996e-06,2.048776472270774
199,2.047926374599694,0.6384955289546382,0.013769076486523642,1.3956617718678341,1.6496253010758943,8.235429999999996e-06,2.0490155843171207
200,2.0499709322692103,0.6389525298866929,0.013803407621155516,1.3972149961873104,1.608447941866788,5.764800999999997e-06,2.0496026499134503
201,2.0509825628339957,0.6387263810235347,0.013762805450475958,1.3984933755044162,1.6014025527894782,5.764800999999997e-06,2.0496890033831434
202,2.0568968799125633,0.6388318465942401,0.013755111888264926,1.404309921002274,1.5193527415038295,5.764800999999997e-06,2.049946160293652
203,2.056951255319221,0.6390478953220057,0.013778334314172918,1.4041250222607662,1.6102760020625648,5.764800999999997e-06,2.0505357254350014
204,2.0541271381971367,0.6383709706473009,0.01374434255526967,1.4020118254223508,1.5909101405497372,5.764800999999997e-06,2.049319376243929
205,2.04497838676261,0.638642877197722,0.013759072887840453,1.3925764375326166,1.6276580530205411,5.764800999999997e-06,2.04930695263963
206,2.051527660714382,0.6391145800859734,0.01373291272295719,1.3986801633424166,1.5946100086116335,5.764800999999997e-06,2.05077664749474
207,2.0474031616055792,0.6384189493918533,0.013754752549258146,1.395229455957002,1.743003886139564,5.764800999999997e-06,2.0503424113447015
208,2.0484765896386508,0.6388174057292025,0.013723009511044151,1.3959361709761278,1.55698406325573,5.764800999999997e-06,2.050924094185304
209,2.0449354018320878,0.6387847693342912,0.013746253326178738,1.3924043768901004,1.5566312714912105,5.764800999999997e-06,2.0506249969085433
210,2.045012413314655,0.638123911961414,0.013764127304679468,1.3931243724800182,1.6173111963215057,5.764800999999997e-06,2.0501291450130883
211,2.0506787060550526,0.6380613002765692,0.013753332019422613,1.3988640737590607,1.588540543922397,4.035360699999998e-06,2.0500987593351936
212,2.046480071886875,0.6386238526214253,0.013777939326455149,1.3940782817927273,1.6170651102750495,4.035360699999998e-06,2.049057078532625
213,2.0460771690145063,0.6380810788944007,0.01374018848227542,1.3942559044897271,1.5865754235589333,4.035360699999998e-06,2.0479696699021535
214,2.041390198839909,0.6381424796638306,0.01375693795783668,1.3894907797922929,1.6246186847036534,4.035360699999998e-06,2.046695975966431
215,2.04653534535586,0.6385291464020761,0.0137587058487121,1.3942474942458303,1.594579854222576,4.035360699999998e-06,2.0468516718257557
216,2.0468299979228153,0.6382564234961733,0.013759476431248861,1.3948141011324795,1.61880125354922,4.035360699999998e-06,2.046381905546599
217,2.0481923810032567,0.6388299677645761,0.013788580894470215,1.3955738250718732,1.6090575449489521,4.035360699999998e-06,2.0464608274863667
218,2.0443733979070013,0.6380615080372568,0.01377848489432814,1.3925334015531403,1.5905734692749225,4.035360699999998e-06,2.0460505083132023
219,2.0530398080223486,0.6384380019167394,0.01379310599924845,1.4008087028156628,1.556481294797368,4.035360699999998e-06,2.046860948932228
220,2.0445687993291464,0.638284259293068,0.013750266515467156,1.3925342779410512,1.6118370957636947,4.035360699999998e-06,2.046816587533677
221,2.053915155276157,0.6387661872297953,0.013718354644957912,1.4014306156829213,1.5661487004688481,4.035360699999998e-06,2.0471402324557877
222,2.0433974605427974,0.6384595615441719,0.013739675140837163,1.3911982238577885,1.5212781181175743,2.8247524899999986e-06,2.0468319713213803
223,2.054865722736103,0.6379410526113647,0.013719350812537818,1.403205322591882,1.5505260662599043,2.8247524899999986e-06,2.0477108266935398
224,2.0473723140629856,0.638091564891441,0.013760815396833648,1.395519933632116,1.5044448585316326,2.8247524899999986e-06,2.048309038215847
225,2.047003106352245,0.6378518331564215,0.013744636300648228,1.3954066320469505,1.5904409025559585,2.8247524899999986e-06,2.048355814315486
226,2.0561053584637254,0.6381362977495604,0.013724295716536673,1.404244767136551,1.5302011533216997,2.8247524899999986e-06,2.049283350369577
227,2.0520882652136696,0.6383610574537487,0.013785164322008927,1.3999420424397482,1.544667363309404,2.8247524899999986e-06,2.049672938790618
228,2.0525435514427257,0.6383676856898806,0.013710690457284735,1.4004651701621462,1.5334129249365136,2.8247524899999986e-06,2.05048995414419
229,2.046994893744802,0.6381999786105452,0.013726183387081018,1.3950687310342014,1.572304635812221,2.8247524899999986e-06,2.0498854627164356
230,2.0516391559080644,0.6382443468536486,0.013722595700806979,1.3996722119276603,1.53754426075511,2.8247524899999986e-06,2.0505924983743276
231,2.0403759416780973,0.6378826996641296,0.01373645249736366,1.3887567862369228,1.631339651831029,2.8247524899999986e-06,2.0492385770145214
232,2.0425936092029917,0.6382465098748367,0.013751722123634302,1.390595377917495,1.6016980235656482,2.8247524899999986e-06,2.049158191880541
233,2.0484644562433783,0.6382987465014298,0.013734773585670873,1.3964309378674156,1.61340719047916,1.977326742999999e-06,2.0485180652312684
234,2.0609484309214725,0.6382294561018784,0.013745872883135052,1.4089730997975363,1.5889835749801837,1.977326742999999e-06,2.0498756769171167
235,2.0554112512529183,0.6379990932758915,0.013699640212446879,1.4037125173367953,1.5825595156998156,1.977326742999999e-06,2.0507164914071843
236,2.0532095674692727,0.6381765813633585,0.013727116527739894,1.4013058682948207,1.5566375924354534,1.977326742999999e-06,2.0504269123077394
237,2.0564551881055513,0.6377581623182342,0.013723079382517692,1.404973947545558,1.5380835008393063,1.977326742999999e-06,2.0508636045969277
238,2.053103693934719,0.6380902734099393,0.013707559930080432,1.4013058568872334,1.5468296427190589,1.977326742999999e-06,2.0509196188461267
239,2.053763535319333,0.6381295578616658,0.013746400769247392,1.4018875748346866,1.55843896443764,1.977326742999999e-06,2.05159648300358
240,2.0478652350640183,0.6379727269188639,0.013749451443339078,1.396143055988841,1.563511133764349,1.977326742999999e-06,2.0512190909191754
241,2.054865251317549,0.6374760960277758,0.013738052696702583,1.4036511011671222,1.57824141357504,1.977326742999999e-06,2.0526680218831204
242,2.0489772538249,0.637935456904498,0.013730110734273372,1.397311685187965,1.5904826541836752,1.977326742999999e-06,2.0533063863453114
243,2.046343493119381,0.6381198223412893,0.0137096241330416,1.3945140462172658,1.575970450799431,1.977326742999999e-06,2.0530942900329117
244,2.058308919651086,0.6377931774803326,0.01368636577323293,1.4068293748289775,1.5783320414392572,1.3841287200999992e-06,2.052830338905873
245,2.048592471905302,0.6378101800617418,0.013694862999984523,1.397087424993515,1.5862016716357052,1.3841287200999992e-06,2.0521484609711114
246,2.0407598811473573,0.6379623863685644,0.013698061972713926,1.3890994296689922,1.562999539825905,1.3841287200999992e-06,2.0509034923389193
247,2.0474538189942755,0.6382633245162417,0.01370203181316978,1.3954884652315716,1.5649980444942364,1.3841287200999992e-06,2.0500033554277923
248,2.044822665492884,0.6380323039002396,0.01369861409994974,1.3930917484908583,1.5771381628285184,1.3841287200999992e-06,2.049175252583608
249,2.039826664057645,0.637688789498863,0.013706355288838656,1.3884315182717792,1.5688710737456546,1.3841287200999992e-06,2.04778156545744
250,2.0537589862586207,0.6380846662954851,0.013724438026190946,1.4019498802258068,1.5551567131822759,1.3841287200999992e-06,2.0483709405769
251,2.044087857150575,0.6378307375326111,0.01372170819049817,1.3925354055810772,1.5738673371276217,1.3841287200999992e-06,2.047293201160203
252,2.0585406801917334,0.6377252137832095,0.013716573920546536,1.4070988919175984,1.5767961663492558,1.3841287200999992e-06,2.048249543796886
253,2.0405623231207923,0.6379808720789457,0.013724313398297324,1.3888571350768422,1.5689596613628443,1.3841287200999992e-06,2.047671426797027
254,2.0480608389708412,0.6380352641692002,0.013720270549281361,1.3963053046801444,1.570294280799382,1.3841287200999992e-06,2.0466466187290027
255,2.059232635361156,0.6378492511915819,0.013743199229810796,1.4076401822304612,1.541405677938005,9.688901040699995e-07,2.047710635074588
256,2.055144556116259,0.6381374041429547,0.013718125067259135,1.4032890260504765,1.5686488699114494,9.688901040699995e-07,2.049149102571478
257,2.0485172106318497,0.6380373219553934,0.013706944205544212,1.3967729413338255,1.595298828976006,9.688901040699995e-07,2.049255441735236
258,2.0582717240712287,0.6382486992760709,0.013693117639094449,1.4063299018800544,1.567649427926141,9.688901040699995e-07,2.05060034759307
259,2.0561125868815555,0.6381387605051104,0.013717971350017347,1.4042558553116173,1.5462339658771405,9.688901040699995e-07,2.0522289398754614
260,2.047608714925045,0.6378053895879591,0.013700991726377934,1.396102326338371,1.5439565501144628,9.688901040699995e-07,2.051613912742103
261,2.056744215591102,0.6379270455198425,0.013711534333571293,1.4051056318876276,1.5665274011461359,9.688901040699995e-07,2.052879548586156
262,2.054759496421905,0.6376807233363248,0.013676460564992074,1.4034023162280544,1.5619007009638555,9.688901040699995e-07,2.0525014302091735
263,2.0485806858710696,0.6381589237012362,0.013703204227976822,1.3967185570862874,1.5288155995772785,9.688901040699995e-07,2.053303266484201
264,2.050285468831587,0.6374983724794889,0.013706330477335807,1.3990807624524861,1.552708843250594,9.688901040699995e-07,2.053525729470276
265,2.055609162914696,0.6380055079049471,0.013680563589032187,1.4039230891391992,1.560403530534945,9.688901040699995e-07,2.0531633822256294
266,2.0508756215492503,0.637755007977691,0.013697596257953552,1.399423013463545,1.5761361970570669,6.782230728489996e-07,2.052736488768929
267,2.0497310791859786,0.6373657621265028,0.013662542737842176,1.3987027761753665,1.5629210541978407,6.782230728489996e-07,2.0528578756243414
268,2.056209374557842,0.6381510386341497,0.01369785036196549,1.4043604805709071,1.574138760994496,6.782230728489996e-07,2.052651640673003
269,2.0547564987930955,0.6379542601735968,0.013693208614604895,1.4031090262974277,1.6025834699566854,6.782230728489996e-07,2.0525160318641573
270,2.0570275047749425,0.6381218950999411,0.01367249072453622,1.405233116241163,1.5561166221730447,6.782230728489996e-07,2.053457910849147
271,2.0487688103931374,0.637810436732461,0.013710239002008757,1.397248127814115,1.5414578046239735,6.782230728489996e-07,2.0526603703293507
272,2.055043399333954,0.6376786530017853,0.013696339141809198,1.4036684006309965,1.562258506790873,6.782230728489996e-07,2.0526887606205557
273,2.0469372506347,0.6379135520549483,0.013706635059922506,1.3953170585290096,1.5363198199340602,6.782230728489996e-07,2.052524417096918
274,2.059708784356642,0.63784618697098,0.013695922194485458,1.4081666751911766,1.5505564047389053,6.782230728489996e-07,2.0534667486494236
275,2.0495377573670384,0.6377808434541146,0.01370017066526641,1.3980567452439852,1.5502015808552647,6.782230728489996e-07,2.052859608094658
276,2.0551208636977454,0.6378299002156874,0.013685659358375952,1.4036053028403286,1.5656182991260548,6.782230728489996e-07,2.0532841323095075
277,2.0490936226251595,0.6376831955031345,0.013698109884581497,1.3977123153837103,1.5219213460621082,4.747561509942997e-07,2.0532203866534253
278,2.050368796980552,0.6378478630307759,0.013709460719350423,1.3988114760823227,1.5427087398522208,4.747561509942997e-07,2.052636328895697
279,2.0555913659374108,0.638130918359072,0.013706773662110835,1.403753668497624,1.5454838770713533,4.747561509942997e-07,2.052719815610128
280,2.048207363728701,0.6371625345289422,0.01367852533833262,1.3973662944501668,1.5615746870850833,4.747561509942997e-07,2.0518378015055037
281,2.0570415212777244,0.6375001861433093,0.013684451009668232,1.4058568819858241,1.5633524503719294,4.747561509942997e-07,2.0526650725939626
282,2.056162475684043,0.6376774875741256,0.013682234230224025,1.404802753024124,1.5958643461528577,4.747561509942997e-07,2.0527769802289715
283,2.0505148240824065,0.6373546778014972,0.013689915529278477,1.3994702331757432,1.523690483786843,4.747561509942997e-07,2.053134737573742
284,2.053079626206576,0.6369408906646893,0.01369896117579994,1.4024397747938713,1.558114953303451,4.747561509942997e-07,2.0524718217587354
285,2.058117588741357,0.6379762316149388,0.013699244083970358,1.4064421157517502,1.5608295510260113,4.747561509942997e-07,2.0533298048961672
286,2.0563932223753496,0.6377247372312409,0.013699070403450414,1.4049694101776233,1.5283266090605248,4.747561509942997e-07,2.0534570407639277
287,2.056997780594529,0.637892997293381,0.013666337757019335,1.4054384382717917,1.5535942847934066,4.747561509942997e-07,2.054247456560865
288,2.053727842689131,0.6377886538015028,0.013651129731721286,1.4022880570169842,1.551877647495726,3.3232930569600976e-07,2.054583361131723
289,2.056869180008555,0.6375149231778378,0.01368150243348482,1.4056727569639398,1.5211480887312638,3.3232930569600976e-07,2.0547111425388374
290,2.0513458645514895,0.6376218785794728,0.013695419119875967,1.4000285644280284,1.5713789019573248,3.3232930569600976e-07,2.0550249926211164
291,2.0473856124581333,0.6376991102284792,0.013670643836117246,1.396015857395373,1.5311531490116028,3.3232930569600976e-07,2.054059401739157
292,2.0676468659245795,0.6373725345260218,0.01368057014839501,1.416593760109404,1.5234599327356622,3.3232930569600976e-07,2.0552078407632104
293,2.056090655224175,0.6375275299879923,0.013681448532633804,1.4048816749924107,1.5586454711462323,3.3232930569600976e-07,2.0557654238773875
294,2.055631033826673,0.6378907287520085,0.013691711083553625,1.404048596058736,1.5379919620792262,3.3232930569600976e-07,2.0560205646393968
295,2.054428931628688,0.6377480938388971,0.013686875692394932,1.4029939625251806,1.5240851593644995,3.3232930569600976e-07,2.05565169892813
296,2.044459888524416,0.6375364122208226,0.013681133968408027,1.3932423377721503,1.5461253106023707,3.3232930569600976e-07,2.054458365543037
297,2.060024487344842,0.637784963589536,0.013685538152758584,1.4085539856025477,1.5327067172698428,3.3232930569600976e-07,2.0547610362180677
298,2.0564009510158923,0.6371637291885449,0.013685286045074463,1.4055519332155657,1.5249849647711338,3.3232930569600976e-07,2.055028347050744
299,2.0556761916174273,0.6378691283424506,0.013661192649859561,1.4041458642083493,1.5170889465432418,2.326305139872068e-07,2.0549090482116315
300,2.05888023815657,0.6375612305682241,0.01368501340373281,1.407633991190121,1.5313928435293682,2.326305139872068e-07,2.0556624855721393
301,2.047044405526522,0.6379105909304186,0.013693158991599197,1.3954406608805132,1.5417642241174525,2.326305139872068e-07,2.055628364878978
302,2.0509003318097605,0.6374376742748552,0.013685959663117331,1.3997766954476754,1.5253445142479034,2.326305139872068e-07,2.0539537114674964
303,2.051061982173098,0.6378534049793864,0.013711604205044832,1.399496971134934,1.5289909102414783,2.326305139872068e-07,2.053450844162389
304,2.0544344480528216,0.6375697155318192,0.013686364632474178,1.4031783627551138,1.5319849748930863,2.326305139872068e-07,2.053331185585004
305,2.043063218798934,0.6375118602405895,0.013717282902110706,1.3918340773673719,1.5429833753827655,2.326305139872068e-07,2.0521946143020284
306,2.0579414133820237,0.6375294888133638,0.01367855670919829,1.4067333719947122,1.5357784278084787,2.326305139872068e-07,2.053542766787789
307,2.0473609118940725,0.6376829144486971,0.013674302534623579,1.396003684073544,1.556043020560981,2.326305139872068e-07,2.0522764092427126
308,2.050085550004786,0.6375317194245078,0.013707174638812051,1.3988466550858967,1.5497718528982556,2.326305139872068e-07,2.051644869141602
309,2.059595708641709,0.6379952915547568,0.013704925347743422,1.4078954948762958,1.5331415929007188,2.326305139872068e-07,2.0520368208440294
310,2.0568850887449166,0.6377092015229914,0.013693299019735965,1.4054825876318096,1.5160072269051839,1.6284135979104476e-07,2.0518373059028643
311,2.053876335255837,0.6377636234155682,0.013689383080131129,1.4024233313268453,1.5406089882816425,1.6284135979104476e-07,2.052520498875796
312,2.055938506810859,0.637476954020952,0.013687961124347158,1.404773594374862,1.5170530053702267,1.6284135979104476e-07,2.0530243163759057
313,2.0516906340726826,0.6375146572384538,0.013679669234170869,1.4004963024666435,1.5447240958088322,1.6284135979104476e-07,2.053087181565864
314,2.0546150743676144,0.6380872703625254,0.013692131453153619,1.4028356731223148,1.5341666437792436,1.6284135979104476e-07,2.053105244197343
315,2.0483603371957844,0.6380058320230274,0.013681775645205849,1.3966727256774902,1.5573912291435534,1.6284135979104476e-07,2.0536349560370284
316,2.0546932916321823,0.6377922725734528,0.013686273371774044,1.403214747825878,1.553343154739535,1.6284135979104476e-07,2.0533101438620447
317,2.0497089242250723,0.6377741590356142,0.013687845337333861,1.398246917428012,1.5443120749943564,1.6284135979104476e-07,2.053544945095145
318,2.058494754670339,0.6374604058893103,0.013695397730649372,1.407338950622595,1.544184599766891,1.6284135979104476e-07,2.0543858655616996
319,2.0586363322426826,0.6376330818285783,0.013690936223171545,1.4073123147613125,1.5361789918402164,1.6284135979104476e-07,2.054289927921797
320,2.046819828058544,0.637873377241016,0.013702512642983614,1.3952439327559403,1.543079160617299,1.6284135979104476e-07,2.05328340185316
321,2.054955039298135,0.63757938317705,0.01367322166570636,1.4037024355961376,1.5388834741697357,1.1398895185373132e-07,2.05339127225739
322,2.0510274727949116,0.6380265981101534,0.013667211578223124,1.3993336632491298,1.5997625951561631,1.1398895185373132e-07,2.052900168855795
323,2.0562595582464667,0.6378533507933457,0.013689761526847,1.4047164419336182,1.536713109917618,1.1398895185373132e-07,2.0533570612731733
324,2.048554209716012,0.6375801633134413,0.013694647681770143,1.3972793997189645,1.5452761861125819,1.1398895185373132e-07,2.052750974808013
325,2.058968492387014,0.6381071025960183,0.013690140829131933,1.4071712495322433,1.573060696775263,1.1398895185373132e-07,2.053811790327136
326,2.0638446793601846,0.637812554978868,0.013714090488744125,1.412318029472132,1.5442579096299038,1.1398895185373132e-07,2.054726929099936
327,2.0506378677473114,0.6379344514682532,0.013689296097276314,1.3990141207521611,1.5431018560126637,1.1398895185373132e-07,2.0548198234521604
328,2.0518647349622263,0.6373851180932169,0.013698263887012974,1.4007813511282634,1.5261371175638225,1.1398895185373132e-07,2.0541568214813486
329,2.051090496864045,0.6381119063311216,0.013692409513099342,1.399286182873557,1.5496664497840917,1.1398895185373132e-07,2.053402237943485
330,2.0535430585938776,0.637993137374449,0.013690845247661098,1.4018590781106903,1.5477258540226513,1.1398895185373132e-07,2.0540745609970186
331,2.055742477971401,0.6373984032270441,0.013685312282525751,1.4046587624618312,1.5204358349006142,1.1398895185373132e-07,2.0541533048643448
332,2.0633119601382024,0.6379636655869096,0.013703197953803687,1.4116450995919807,1.565619133020702,1e-07,2.055381753598674
333,2.0521330807767986,0.6378180802438818,0.01366942293906326,1.4006455763105,1.5536972365596078,1e-07,2.054969105851707
334,2.06561366108616,0.6377811990856554,0.013695594796723727,1.4141368643518841,1.5481549621198736,1e-07,2.056675050988722
335,2.0547417476416774,0.637206986475219,0.013671717004912891,1.4038630444467353,1.547434576105273,1e-07,2.0562523765141885
336,2.044152272089817,0.6378487933195379,0.013679046950271825,1.3926244341015246,1.593848198937457,1e-07,2.054283135787152
337,2.0596258805699326,0.6377277953202645,0.01367789991734701,1.4082201844767521,1.5469617884980433,1e-07,2.055181937069414
338,2.056083459888349,0.6376309533153425,0.013684711102663616,1.4047677901943334,1.5489539861964268,1e-07,2.055603809562026
339,2.0441835679506,0.637889407753374,0.013684631249550997,1.392609528947675,1.5367694792279787,1e-07,2.054913116670682
340,2.060518839712919,0.6376707700736215,0.01365191485893213,1.4091961503599248,1.5511097099507254,1e-07,2.055610694782586
341,2.0545042060208663,0.6375229568287516,0.013676162256578509,1.403305083370665,1.5328020491953671,1e-07,2.055486867587532
342,2.0610061530291177,0.6377944951992857,0.013682404773657402,1.409529253056175,1.5558237607399243,1e-07,2.0552562868766238
343,2.054188595434125,0.6375762104417719,0.013709321546782716,1.402903062875191,1.5386775876061198,1e-07,2.0554618383423566
344,2.052791066717303,0.6378708631513221,0.013686606188139846,1.4012335980908153,1.552389910489178,1e-07,2.054179578905471
345,2.06137272758347,0.6374126952230645,0.01366175789582102,1.4102982744645844,1.5719190125830436,1e-07,2.0548426768996504
346,2.050776593137586,0.6376241244482652,0.013695530343854257,1.3994569364917335,1.5737518477097652,1e-07,2.0555051090044274
347,2.0545458528413727,0.6373357717215159,0.013655574983386902,1.4035545065642543,1.5605001421065992,1e-07,2.0549971062315704
348,2.0441397154730474,0.6376939713954926,0.01369920130551717,1.3927465397775458,1.515409766914742,1e-07,2.0538027317900402
349,2.054512894895088,0.6375643481192976,0.013694157440696606,1.4032543891924991,1.561706933250838,1e-07,2.0548356644844894
350,2.0533171156376744,0.6374599277687986,0.01367298723978289,1.4021841937845403,1.534250890809383,1e-07,2.054115492076965
351,2.0547257425112018,0.6374624358695089,0.013688621053285006,1.4035746860161922,1.5170603923535233,1e-07,2.0541376457259988
352,2.0550529106952355,0.6374160228163431,0.013677769300469942,1.4039591211451299,1.5476088626533033,1e-07,2.05354232149261
353,2.063549591593765,0.6374229157085054,0.013670862006228506,1.4124558143068158,1.5247507965165463,1e-07,2.0544784211085743
354,2.0569422969407443,0.6376046834950242,0.013682715345227548,1.4056548938226472,1.536772942428954,1e-07,2.0548935441309184
355,2.0545364586930526,0.6376351129495356,0.01369329017885564,1.4032080581313686,1.5478478992384586,1e-07,2.0542099172418764
356,2.044536686399907,0.6374176747776105,0.013709123339949612,1.393409888139752,1.5394828604739248,1e-07,2.053585926568109
357,2.05374842283258,0.6376638917261334,0.013697476763474313,1.4023870500651272,1.5791569192443737,1e-07,2.05350618356723
358,2.051307102709866,0.6376973306448266,0.013670985208173688,1.3999387847179432,1.5447459049772418,1e-07,2.0542229222909114
359,2.0535714689053988,0.6379815578175504,0.013683903445467424,1.4019060046478893,1.5725443063740525,1e-07,2.0541287796919425
360,2.0529736500037346,0.6373586832906641,0.01369629636335601,1.4019186702071194,1.5549111101045563,1e-07,2.0540944331285487
361,2.0554732754470058,0.6374126950804697,0.013688268844020423,1.404372307672455,1.5559299906189932,1e-07,2.054169186422129
362,2.052773096059498,0.6373994437416205,0.013671004601072467,1.4017026512816761,1.5501266465517893,1e-07,2.053941204958555
363,2.0463462086955895,0.637957942828037,0.013697660425633335,1.3946906023048329,1.5486742327943372,1e-07,2.052220866668738
364,2.0535664210479223,0.637811783683357,0.013668250809445906,1.4020863851291712,1.5440147788615888,1e-07,2.0518832790794552
365,2.0501818485807575,0.6376113801766811,0.013679551736019445,1.3988909153847033,1.5543781138207924,1e-07,2.0514478180682256
366,2.0581538257986733,0.6376988685302187,0.013680367378526898,1.4067745844713238,1.5135560417859748,1e-07,2.0528095320081023
367,2.0530425350061443,0.6377870630134236,0.013679285083661239,1.4015761787811536,1.5283251818287316,1e-07,2.0527389432254592
368,2.0541718901629653,0.6376952396340347,0.013673711906779896,1.4028029390499352,1.5464318339048961,1e-07,2.0530254219707693
369,2.058842337302614,0.6375838569476844,0.013692220717525938,1.4075662553595585,1.5812414342706853,1e-07,2.0535525088104905
370,2.0589270429177717,0.6379129627104582,0.013688758799904272,1.4073253222629785,1.5228035053568023,1e-07,2.054147848101894
371,2.051124288704977,0.6379116534046009,0.013682159795715479,1.3995304763602299,1.5404194480779638,1e-07,2.053712949427691
372,2.0538676729042566,0.6378557037508659,0.013679408855985797,1.402332553738042,1.5372303821253435,1e-07,2.0538224071121673
373,2.049684392778497,0.6373682853422666,0.013682649466409638,1.398633456686467,1.5616888001775058,1e-07,2.054156225520458
374,2.053639878496599,0.6376606706512031,0.013685114360882334,1.4022940933419186,1.5288008943414004,1e-07,2.0541635712653257
375,2.059556173365652,0.6378327720758448,0.013698490327625183,1.4080249099640185,1.5113307324607976,1e-07,2.0551010037438155
376,2.063804629031551,0.6376743466374977,0.013690606258702621,1.4124396692907981,1.5629905693268662,1e-07,2.055666084067103
377,2.061736928789239,0.6378346631686653,0.013687691049712696,1.4102145695800417,1.53072969793703,1e-07,2.0565355234454126
378,2.0587152570628664,0.6378589034365695,0.013688929913717023,1.407167424425554,1.5158610195634468,1e-07,2.0569898601354017
379,2.0592210977271415,0.6373881960029237,0.013674070960596987,1.4081588284821032,1.5396401646890139,1e-07,2.0570277361778553
380,2.056881398960734,0.637054605061928,0.013698760687449333,1.4061280295038907,1.5271429838746358,1e-07,2.0568231717821517
381,2.054645997485476,0.6378573876533782,0.013696189132033352,1.4030924197019001,1.5598753178804114,1e-07,2.057175342660201
382,2.0606013622010155,0.6372772124395416,0.01370412624623787,1.4096200255115636,1.5613528778108112,1e-07,2.0578487115898776
383,2.054926380586396,0.6376306773943193,0.013706372970599307,1.4035893236621144,1.525657031239505,1e-07,2.058372910370667
384,2.0602109212624398,0.6377426538455999,0.013684172379343133,1.4087840906170566,1.535754153460407,1e-07,2.059030014647251
385,2.0526977594959677,0.6377262718369516,0.01366115300849294,1.4013103352209026,1.5616479645790666,1e-07,2.0583441732602825
386,2.0583926014352643,0.6380245410369344,0.01366167690194965,1.4067063833537854,1.5519320351655403,1e-07,2.057802970500654
387,2.0538442596864472,0.6376192402896699,0.013682867351331209,1.4025421513324718,1.5508840481915542,1e-07,2.057013703590375
388,2.0622098300445595,0.6373249849919497,0.013714553921986995,1.4111702869953722,1.541258169275722,1e-07,2.057363160888544
389,2.056706219198601,0.6378205709480212,0.013698393648320978,1.4051872565985866,1.569458712373624,1e-07,2.05711167303569
390,2.0532085570422085,0.638108167494313,0.013679242875587427,1.401421145959334,1.5264233333642403,1e-07,2.056744388843838
391,2.051793207392168,0.6375790563496676,0.013687093006937127,1.4005270551836662,1.5561241818386973,1e-07,2.056459109834507
392,2.047364195853329,0.6376742616509706,0.0136805302218387,1.3960093998452694,1.56077693794903,1e-07,2.0551353931997385
393,2.049944740163082,0.6377024365384043,0.013658752566889712,1.3985835473503223,1.5565690261325198,1e-07,2.0546372291574064
394,2.0495401238710684,0.6371892995811536,0.013671890685432836,1.3986789358859997,1.5352309878077803,1e-07,2.0535701494182694
395,2.0550439326386702,0.6376732047379873,0.013713455941688501,1.403657267823744,1.5401031615916623,1e-07,2.05380476673254
396,2.0572826956447803,0.6375470450905522,0.013674174199264016,1.4060614730752827,1.5352068984052212,1e-07,2.0536937761534917
397,2.05452875714553,0.637435161468515,0.013690822432486064,1.4034027711056065,1.5374793731139607,1e-07,2.0537622258993995
398,2.058901377556997,0.6375416013897891,0.013656597958797473,1.4077031789213847,1.5462247050549995,1e-07,2.0534313806506432
399,2.05566472043261,0.6371356361505518,0.013667640503513757,1.4048614390729146,1.5315940213260468,1e-07,2.053327230774044
400,2.0497961423613806,0.6379002634988448,0.013679255709123383,1.3982166214422747,1.537561740744057,1e-07,2.0529859893059617
401,2.046866737199172,0.6374046162269903,0.013662323997351542,1.3957997954062868,1.579996133820292,1e-07,2.0524933422866622
402,2.049419670869289,0.6376076872554122,0.013662924321644614,1.3981490588644474,1.521671099383295,1e-07,2.0526988897882577
403,2.059484785538541,0.6375326875009035,0.013694897222747072,1.4082571969648296,1.5406262898844394,1e-07,2.0536528943258037
404,2.056629249638918,0.6373381295272608,0.013685110653416393,1.4056060063211542,1.5289606243799747,1e-07,2.0543618069025884
405,2.0474278727216584,0.6376723725544778,0.013687334562602797,1.3960681673157158,1.5766475095132892,1e-07,2.053600200910888
406,2.052229467476384,0.6372689035805789,0.013666148105876868,1.401294411369488,1.529013541754353,1e-07,2.053094878094048
407,2.058398723602295,0.637641407941517,0.01367733067872992,1.4070799807042027,1.512390172510056,1e-07,2.0534818747397243
408,2.0435007559625724,0.6377472901743565,0.013692097515580757,1.3920613676309586,1.5626046687507174,1e-07,2.051941812580282
409,2.063259321821934,0.6374741198058334,0.013684084540919253,1.4121011153362584,1.546578594372033,1e-07,2.052701272719214
410,2.0533089797462574,0.6376633970646196,0.013685531023016386,1.4019600512308368,1.5493024393702237,1e-07,2.0530525564577022
411,2.0596642477090277,0.6374273772159832,0.013665861775430195,1.4085710060083125,1.568109901185241,1e-07,2.0543323075086874
412,2.0586999763141978,0.6380777343323356,0.013690890307631789,1.4069313444018934,1.5119403108740537,1e-07,2.0552603380531784
413,2.0412006957108892,0.6377781100535507,0.013691759850990259,1.3897308258063485,1.5476111992124164,1e-07,2.0534319290704133
414,2.0543337760929856,0.6373463260214864,0.01367929449492094,1.4033081531524658,1.5304844845710188,1e-07,2.05320238171582
415,2.051908428303933,0.6375315167972345,0.013667574909885535,1.400709334600485,1.524529683105113,1e-07,2.0536504372740474
416,2.050436038149601,0.6377796044475154,0.01367186815544749,1.3989845616965773,1.5549080793937426,1e-07,2.0534710943413694
417,2.038372067173132,0.6379557069408837,0.013676875515987999,1.3867394872829675,1.5503011876316162,1e-07,2.0514684286984535
418,2.045821480488663,0.6378381590238599,0.01366989863546271,1.39431341869409,1.544812234680048,1e-07,2.0517005011510623
419,2.053157386312074,0.6380011666049227,0.013663192399951259,1.4014930288757435,1.550243771532506,1e-07,2.0506903076000755
420,2.0513339872565566,0.6374962208658884,0.013672649575192392,1.4001651123950356,1.5624148319497633,1e-07,2.050492808351106
421,2.052597559810255,0.6378418456709556,0.013678850739766536,1.4010768629717485,1.5497711958212146,1e-07,2.0497861395612285
422,2.0462509473545127,0.6374944472712193,0.013656127681002092,1.3951003762523524,1.5519256473443155,1e-07,2.0485412366652604
423,2.054224863577117,0.6378104032226727,0.013691914423801112,1.4027225446472897,1.546614366570158,1e-07,2.049843653451883
424,2.055221789191214,0.6375938431497966,0.013689573301652972,1.403938370458247,1.5454057947015079,1e-07,2.0499324547617057
425,2.047601129449726,0.6372590277468759,0.013684591322994688,1.3966575036778974,1.5194124632189718,1e-07,2.049501724876285
426,2.0481869926292933,0.6377495840976113,0.013672394330421703,1.3967650107789837,1.5279257484315114,1e-07,2.0492768203242546
427,2.0528983060252726,0.6374503406896546,0.013654040092486514,1.4017939253857261,1.5303280834090767,1e-07,2.050729444209469
428,2.048330804948031,0.6375747072069269,0.013679916493630295,1.3970761741177318,1.5220471205608697,1e-07,2.0509803766554056
429,2.053602605915526,0.6373091683718577,0.013673895568938917,1.402619541261755,1.5411807191714146,1e-07,2.05102489861575
430,2.043247323001971,0.6375986764020327,0.01365887919111115,1.3919897646995252,1.537528057560396,1e-07,2.0502162321902917
431,2.0561423181917107,0.6374543965148013,0.013663695189371064,1.4050242230652623,1.5180447469487715,1e-07,2.050570708028437
432,2.048594906569668,0.6374559612080241,0.01364180716601285,1.397497135486329,1.5505865347442445,1e-07,2.050805103949953
433,2.062392539384833,0.637769688687256,0.013679967827774121,1.4109428840105613,1.5282121751297033,1e-07,2.051621871530725
434,2.0554081264295077,0.637599987419028,0.013661551133297277,1.4041465885901565,1.5477877779725635,1e-07,2.051640505254554
435,2.06107362862409,0.637754848128871,0.013671672515321576,1.4096471116873637,1.510296060565556,1e-07,2.05298775517199
436,2.0535150267290727,0.637413735595046,0.013650750999815726,1.4024505398490212,1.566754321304805,1e-07,2.053520558581968
437,2.053922977744107,0.6381688555747128,0.013650565056139203,1.4021035569706601,1.5232961199215154,1e-07,2.053623025753852
438,2.058736060795031,0.6375403765000796,0.013673479191994553,1.4075222003973271,1.5191477344652111,1e-07,2.054663551338552
439,2.0630573464922928,0.6377733674916354,0.01365163651379672,1.411632344768378,1.5340829244926215,1e-07,2.0556090253962283
440,2.058634834141252,0.6373988900458414,0.013663906514929812,1.4075720398619984,1.5295221151062175,1e-07,2.0571477765101567
441,2.0559737374337668,0.637640662313078,0.013679392600173585,1.40465367795748,1.5496984437892312,1e-07,2.057130918434362
442,2.048213728592156,0.6373602474135075,0.013660732353703258,1.3971927388433063,1.5426763477222771,1e-07,2.057092800636611
443,2.05044118411233,0.6375502640265597,0.013647216073633952,1.3992437007324547,1.5205474763966063,1e-07,2.0558976651093603
444,2.045101385367544,0.6374286694104592,0.01368281915427395,1.3939898952342678,1.5615128047728652,1e-07,2.0548669910031645
445,2.0563331776828857,0.6375988679069081,0.013687091580988688,1.4050472176246096,1.537597206505862,1e-07,2.0543929459090444
446,2.054807812118074,0.6377622030283275,0.013661752762406637,1.4033838558995553,1.5498018542830454,1e-07,2.054522224447944
